Title,Company,Location,Link
Python Developer (@Infosys),Infosys,"Hybrid - Kolkata, Hyderabad, Bengaluru",https://www.naukri.com/job-listings-python-developer-infosys-infosys-kolkata-hyderabad-bengaluru-5-to-10-years-150126031660
Python Developer,Persistent,Bengaluru,https://www.naukri.com/job-listings-python-developer-persistent-systems-limited-bengaluru-3-to-7-years-171024011437
Python Software Developer AWS,Capgemini,"Hybrid - Bengaluru, Mumbai (All Areas)",https://www.naukri.com/job-listings-python-software-developer-aws-capgemini-bengaluru-mumbai-all-areas-7-to-12-years-050925009110
Python Developer - 17 April - Virtual Interview,Tata Consultancy Services,"Kolkata, Bengaluru, Delhi / NCR",https://www.naukri.com/job-listings-python-developer-17-april-virtual-interview-tata-consultancy-services-kolkata-bengaluru-delhi-ncr-5-to-10-years-160426000011
Python Developer,Movate Technologies,Bengaluru,https://www.naukri.com/job-listings-python-developer-movate-technologies-bengaluru-5-to-8-years-230326014707
Python Developer,Conneqt,Bengaluru,https://www.naukri.com/job-listings-python-developer-conneqtbusinesssolutions-bengaluru-0-to-3-years-130125504731
Python Software Developer,Capgemini,"Hybrid - Hyderabad, Pune, Bengaluru",https://www.naukri.com/job-listings-python-software-developer-capgemini-hyderabad-pune-bengaluru-6-to-11-years-080626000040
Python Software Developer,HCLTech,Hybrid - Bengaluru,https://www.naukri.com/job-listings-python-software-developer-hcltech-bengaluru-8-to-10-years-310526003955
Python Developer,Tech Mahindra,"Hybrid - Hyderabad, Pune, Bengaluru",https://www.naukri.com/job-listings-python-developer-tech-mahindra-hyderabad-pune-bengaluru-4-to-7-years-020626027123
Walk-in || Python Developer,Tata Consultancy Services,,https://www.naukri.com/job-listings-python-developer-tata-consultancy-services-bengaluru-6-to-11-years-050626019855
Python Developer -14th April - Virtual Interview,Tata Consultancy Services,"Kolkata, Bengaluru, Delhi / NCR",https://www.naukri.com/job-listings-python-developer-14th-april-virtual-interview-tata-consultancy-services-kolkata-bengaluru-delhi-ncr-5-to-10-years-120526037120
Python developer,Quadrant Technologies,Hybrid - Bengaluru,https://www.naukri.com/job-listings-python-developer-quadrant-technologies-bengaluru-7-to-12-years-080626009493
Python Developer with GenAI,Infosys,Bengaluru,https://www.naukri.com/job-listings-python-developer-with-genai-infosys-limited-bengaluru-2-to-3-years-050626924194
Software Developer-Python Developer,Leading IT Service and Consulting Organization,Hybrid - Bengaluru,https://www.naukri.com/job-listings-software-developer-python-developer-anlage-infotech-bengaluru-5-to-10-years-040626018730
Python Software Developer,LanceSof,Bengaluru,https://www.naukri.com/job-listings-python-software-developer-lancesoft-bengaluru-5-to-8-years-080626004170
Python Developer +Networking,Aziro,Hybrid - Bengaluru,https://www.naukri.com/job-listings-python-developer-networking-aziro-bengaluru-6-to-10-years-080626009893
Python Developer,Black and white Business Solutions,"Hyderabad, Pune, Bengaluru",https://www.naukri.com/job-listings-python-developer-black-and-white-business-solutions-hyderabad-pune-bengaluru-4-to-9-years-030626026287
Python Developer,Quarks Technosoft,Bengaluru,https://www.naukri.com/job-listings-python-developer-quarks-bengaluru-5-to-7-years-080626500714
Python Developer,Milestone Internet Marketing,"Hybrid - Ahmedabad, Bengaluru",https://www.naukri.com/job-listings-python-developer-milestone-internet-marketing-ahmedabad-bengaluru-4-to-8-years-020626015926
Python Developer (Sr. Software Engineer / Technical Lead),Tessolve,Bengaluru,https://www.naukri.com/job-listings-python-developer-sr-software-engineer-technical-lead-tessolve-semiconductor-pvt-ltd-bengaluru-5-to-8-years-270526505704
